address,tokenId,amount
0xCf05FFC44BB809D222DeB80CA8f52A3a8c2E996e,1,1
0x7801973D1e686A6705F7eec474E1239DB84CFb5d,2,7
0x74137F6ec14139C9deD3d8615FCf66900Dca18ac,3,15
0x4f279b8634272bD571B33dC10F1eB836E7BBB5B6,4,1
0xe362717831344C8cD88ce9C77050e7159451A649,5,5
0x9Da4801591196961e27509f0B34360cD696606f7,6,10
0x5B447e98B4B957C5595D36b5e8766108F87c2Fee,7,4
0x962496517f0D92626460E04C7b3caeECdEA16571,8,4
0xad206C345C6864698823DDF2992a0d39E7413a0A,9,27
0xc57F91F5976f3F6ada0ceDf4c87Ce332bcD53FD1,10,49
0xeA1ca75d507B3c2303C53ce666FB066E5F6a56F4,11,15
0xa82a116896140dDAbfA1AADaEcf6E41c68473966,12,60
0xF90BbF17289cb15ECE716D5A2D48Cd24DA0849cD,13,7
0x5F67F9F775F5822583e17996cec39Ae1826Fc24D,14,55
0x81f762f5910c5764484d85CE567328a00789d268,15,62
0x5a484101C3546396434eA452c7103bcf628bC6c2,16,10
0x2D9db703eAA5151aF5475796D30DE67037929AAa,17,78
0x4a7f8435965D2F9f3169cE941482979f1D63e290,18,83
0x42B6Bf2A97D30DD382F8f580Ae51d1eF032a16dC,19,67
0xedF1fF12392a0ef6B623aA42c503Bc290ca64e1c,20,38
0x1Bcaa16b84954Fcd4dc2022C2C0B0667615DE355,21,104
0x0b508967783394E7538272724F5F882187ED8c90,22,90
0x71eEf98Dbf14769c25B369F52E56d9c2e9BA402c,23,64
0x386e7B182a96eF201c33fe4d602a538BF9D2E221,24,104
0x9fF35FA8c41fcAaCdA19AcAcFf0274fC7952C75B,25,103
0xd6Ed827a4f0D7f7c0463a8006BAE1Feae7f48Ad8,26,109
0x7D2385390D3Ec9499111D7E4f02e7d4e373B7469,27,124
0xFeA23A3b583797f1D44903faaE6D90A85A2ED93b,28,49
0x2b2c0FD0E9380C80137F5CfD8636d585B67267ef,29,73
0x5CD3501D84ECD3378bBf0D8400db66a9C878D74b,30,135
0xf48C6e6C043dde474304521Ad68071b870824473,31,131
0x727cb0a04dd4b279d0566A9594cF86Ae75335305,32,160
0xa0f4B22165452DC1502234172cA2Fb15D7c12F23,33,33
0x39b00789A653135A1985193d1a13C1230dF95636,34,148
0x1884b3d046C37e81Bd72dDB3889f7F05Ec408228,35,106
0xC2A1618B5219f42d1458f3C3f5A591c2b97DC9F2,36,37
0xb8404f59EeDA86576dDea5F9362a6c6cEdee5257,37,81
0x4ae411Ab4450Db2468dCF3F6816e7E8f3827E6D5,38,146
0xe7914e9894E0006B364a42049051DaaEF507BbF7,39,79
0x28d22A6CFa98595B9017e23fEd5518beB1e7d26f,40,181
0x9FBbFc183F9E71A1e57215526657Fc30a1A673A0,41,17
0x7D49AD50492076F070C3Cc0AE2493d30E07bA552,42,36
0xab6b2dCfe1850F2D9E0A989229280F93bdf89366,43,154
0xd57A7EB862FCAC4a952D3945B98650F876Cc9564,44,52
0x08E789bF155522bd29Cadd1465B83F812C62A80C,45,45
0x2D1D54fd1f0Bde5192dD30A4a372C0100c3585A4,46,148
0x4150B684ab8f599F90B332C0C6164069735053cb,47,37
0x955e2041a8783ADDdD6d85797B622B531649c94D,48,203
0x88c0f1c5396f00b5ef652FC33f94B389Bf4C40F9,49,167
0x3ddC83BD9cE0Ee6e6b09b8169F6EEBef72a79494,50,161
0x942317BE8d6c6bD47212edd644578E0fd548eD68,51,35
0x829a719F4c03EA361DE811aB8d0D0E2057Ba4335,52,109
0x95Ffe7600c2B185C20698717878368de2215050d,53,143
0x2D48848B91c2d4879fA1A3550888Cb1205cDAF77,54,134
0xd36ef6c11a5D731CcB370e562b1b2382b6315bC2,55,199
0x7955c8559912f41cF738cC44228651442Ad6178F,56,239
0x4046166d8C8CfDa1811e200Ce5EB6bCdDE48Ea9c,57,252
0x6f0D6cf1BC36EE4cBdd9AcF9F2d7fD69F6b6A14E,58,4
0xB54516d103c2b86Ea9fC3F806a5aea0a14587d79,59,47
0x5fcf50E4f98DE564A8a33015d103b419E281a51C,60,259
0x98CAF463eB9650cCC359E6734d95b414Cb654B81,61,111
0x5e3C2152152eF59dAd18EB90F6CC92A310ae511A,62,50
0xDEfd47F5d3b6c3e659B61821882C96bEC22De958,63,210
0xcF8589DeB3fA581816dC33ccF758d88BeA6148E7,64,285
0x56f3c2531911fdA4Aff6344A27Ac2f2FEcbf5FFB,65,41
0xa9A145D72BF706772B176C2D73c0Db80898C918F,66,329
0x50e8C60b0C2BaCFF93D7c3d7Bb008a39483c1612,67,82
0x5315782265ccbB075b13d3B765EBbde504B0A0A8,68,102
0x6fFe7C079E8c902995e985a08B239deCF6D7348C,69,269
0x5B09963230BA10DA25B885f47303e57964E2Da00,70,272
0x7e5166B5f69a9537706a1158D94755848eDc02ab,71,44
0x1bBde57B97d129DFc35944deA655f9b5Bb33F5c0,72,16
0xda5F98b4C7b1F481F6C4216515644683AcC8f60c,73,277
0x98eC024855E18f86021AF085562821B5b2648b29,74,242
0x072523ab782ea087fbd89eaeff5C3cB5173A54e4,75,298
0x826b0466c5344Ea5A60e2B731f8159F97A88b1E7,76,9
0xF8734CCe6F40d1456EF68c12914d82e078555913,77,53
0xDbD11E298d605fC91436AcD50A78EF77CdD24af5,78,89
0xb151903FD6BFAEBb50e6FD6Fe8b1f93a284055C0,79,366
0x79e5429d313e23C2660787025C37267acA550017,80,281
0x1848A58fc20635BE67BB1484Ece19abE607F76bc,81,91
0xe3DafAd4232478c1F250c17f9421C1055D7c14C4,82,117
0x046c54B73Dccda04b0a2c1114945DE313AF88b9b,83,57
0x454EE04E0610A5a4847Ad7747A68aBAf3bA432fF,84,323
0x4Bf9690dE09DC0022De93Edf867B627e2fa32608,85,177
0x3aF42B106a0aa3dAFE851579c7816f276a3f055d,86,425
0x62E191Be3E67D958C344615d1611bD793a4bF544,87,275
0x71894317CF3196F886b0d08d190B791C2Ecc25c0,88,395
0xD0f2428931AA7BF661901b22b92e544Ca980d19D,89,383
0xeAf265DF2F67dAEc53B837937142e441d058B731,90,36
0xE89DE4a2033D7fAe1FD96B8Da47f54Ca7367d343,91,435
0xB4C68dd0B65529Cf6bDaA3dDc6A58CC4Bc6EE3DA,92,267
0x50A3879614FDFee81EFd988f30E910b424b4BeC0,93,264
0xBF196052D13620ac0eE94CF872970a0a5b38b73c,94,17
0xF5193e81317F2E6b05852Dadaa32DC0F91d865Bf,95,360
0xA8CE71920A7a6442237392Aed8b272B31164571c,96,49
0x7F8B68FdC906B3003dEb0dB792cB6620bc7a4851,97,216
0xcc1C9cD65012072c40F3E3A6440fBb583F733e99,98,343
0x4382a9513DbA846ede75Fe3f0fD379BDD6DC4998,99,254
0xB4ab8Aa8157aC9EFF3d2a243E45cFE9ebcD13690,100,466
0x4CF98F1c14C5c56827bf07d61471Dc7630dD1eC3,101,361
0x06b43Ed8FFFD19054f8899790C46B7eB3d03833e,102,381
0x94880B5298b167E4003d1D8572d784F640a991b7,103,385
0x4F45135B449228deA8763a2f2EB425d51d4af072,104,410
0x6bd751dC5c2e26D2920e9E9f8c6B412CdC4d62FC,105,41
0x4b829F5D52A5850EDED011b8c175Fb4Db0Deff86,106,430
0x60fcf8d24A8757cfb4aE386A3fB4d8F24803c7BA,107,292
0xd58D079183166DDaf835d74c41cDA9b0BdF97AF6,108,355
0x91255B8fbAbdF5086A8d1D71Ee7Fa88755c7fe09,109,265
0x8C8b428a874CD923089773A178eD3fAac2B5C9D3,110,195
0x173Bb4618FD888972278167a663037E0481F56df,111,10
0x27e9A78B970bE69380dF664f6bbAA32cEF687329,112,120
0xE510fb44B54d13C72A4c11dF1E82D8671CC1f594,113,476
0x693A289Af1C8282a7694C1be33E86e814Cd4a281,114,157
0x692850c4Defc3B0b6bCeCE077c6879E21C87F332,115,417
0x5650e25FC378d8A2f1c2314317d061AB9d5d757f,116,443
0xDeF46FB1AE40059F50944Bf88FBD523b665eDEF7,117,256
0x305d4B6DbFC16b90C77b2D9F25cbED954B60512b,118,452
0x9C10ad195e286FbA997a0E81d2C0bC8d637Ac1E4,119,582
0xeE81f0c0BB0a9da5f79C685236677Ba12A099EaF,120,280
0x2FaD8cF25e0743fb8af90c1FBFE1cADBbec2057e,121,441
0x766E6f050E3F893fF998420ded42bB4c23426557,122,526
0x7F6c1F26d774b2caaC44708bf3Fcff9103257b45,123,267
0xa8f4517B754e3F14c633b80eE4bBe24cC9AD3e9A,124,180
0x02a53B6139EE7502cFaeA95ad115d5d143f955c1,125,152
0xdC416f9Cb021fc7b60A784642D02379531d086C9,126,178
0x0371e264E560FD53CfCE62c602E1D2727c7C1f97,127,152
0xf4CDff249783eF4223cD6BFefCFe2D2AE1437276,128,467
0xb2B0B07136f55e7100C38a6477E62A44877977f6,129,110
0xd7E610fd6Bf47D143e968f4569ef9A45B441e4f9,130,350
0x1590EEa3633419f3F0Bbc08659071edF3294ad23,131,100
0xD6ed1A99DbEa201531B0ac2477f142bbA85684de,132,380
0xAA8b3e03595feDCF31fa318CaC25785e3408BCc9,133,351
0x9052e9b9129060709697547b47c8D13Cb8355597,134,321
0xB82D27488ae261A1f7C9c2Cc1a6Bd60C09957eEc,135,116
0x532B66ae72c7BA56bB457a53379334E35cADaa4F,136,151
0x95FBb5B796fab7BA877ee26F5D220a1a28b37eDb,137,98
0x5c5908471ddDAd70F2d25DE40B3e48E57A11EFe4,138,312
0x231D91C2493a22f6D81C31d50eFcD40fFa92cb4d,139,250
0xE7943798F8D7Fcb7731003Cf4E785BF99d9cA3A4,140,658
0xc8DA56A70380A9BF31d5C33bA45aA628A5451a32,141,651
0x716918C96cAE7Ad07eF0D65514cbe49a7bFcd4Ae,142,202
0xDde195D3B32600E538c6E2339b0243eD65daF979,143,606
0xF4a2b490e230BEd179C01b3A9B7Bba67c2c3E1ac,144,180
0xc336b44A000A541f19E8d7FCBa7daCc4dD02ebEf,145,402
0xdc0258A13C7669cD0f7d84F6Bc22eEc1C94958dd,146,705
0xd0Bde52eA533f2759791CC60750d75D06dC8f966,147,150
0xB7357686d86D4ccA8e7488a381c639899Aa7f989,148,446
0x81C6Fd5E9F7f5c201503C250Ad3a5834ef044777,149,491
0xF3Fad6c3fEc1c4221dfFB0aAf3F3c577F133AC17,150,329
0xaBe0E75D1F908ADD079e4e13229666E0c9d4281d,151,143
0x4B556C843bd5A92E1F14d7137c0B5E5C91C7f49f,152,673
0x42ed675933FEf180A3A7e92Ea25023D22DACA2B5,153,663
0x793FcA0e8377618d1E336D6b278903B08973Da48,154,707
0x41Ff708E62c6521D5709684071b153Ba7fB5dEf1,155,516
0xFB8820191De3CD6D79D61BF2137061a45BA3d6E4,156,770
0x25C4bA638a4C846Bb47550d8205D2793873B584C,157,319
0x69E32085D2D71061119d2415357D4b6118fB6492,158,15
0x101BE3D6aE08909e06EAd3295179bC54c49af9Ce,159,72
0x4bF35df765d208AD82309afa66FBbb27E1a26C7e,160,657
0x49A599B89C0c63812888147e67Ec7e6f32cB93a3,161,577
0xA8e77C90B759AD82A2BC3477ddf64cb1b1bc60bc,162,329
0x67831bF77054B5E563cb6311845Ac3ad54e5B85e,163,14
0x7695D370fa99a1398a579D5b47Bc36Cd6AD2eF21,164,298
0x2d59BDC5E52EFA4601B2cd12f77f8B03e63899fD,165,466
0x1F0f89134a070bc0ab32CD6c491fB0322a20135b,166,117
0xEdFB5DB7c2815B86c7c67CbA5E85867232e1D5aC,167,166
0x1b74C3c11DA82DCc50cDDCcb2cfFDc3f5e996318,168,77
0x2255Aa1d9e6FBE8Ebb9729955aa635734e5B6Ca4,169,318
0x2b749381AaC2c4Ea683dFf6cf466EFEA965e1bA9,170,548
0xf257AfcF2eD1640944D4F071703ce5170cF36783,171,479
0xa6899427d51E1BDe5d9B5fD556cB13Cf7cA841CB,172,859
0x3d9088569f38E87b45511E4384694D5BFfFABEc6,173,132
0x92c70aaca99555Dcc2a532C5B5cEE0FF434b8edD,174,390
0x9366049101047904165F17F5ADFEDAf8DCc166bB,175,194
0x7D06f8ae96069C91DD87131fD7d183bbF1676424,176,450
0x0D6481D2927A010FC7c74FFc68854AE34Ea479CA,177,211
0x137Da19a12568777F5f7ffF6AEAb2d5A861f587A,178,347
0xd9c277EC440d3b1Ee8B743f3D6f118eb73d3f098,179,336
0x096ad53Bb33f04De26f4E396a0Cb90E357a31868,180,695
0xFe71eFe01B6F7c358baB7aEe4f3E3f6c66E6ef09,181,394
0x6637e6Dfd6682972D195ea194b84f95c4F114F72,182,156
0xe9188AEd48B2aBBfE847a43545101a7Efb85610d,183,271
0x37883171c3E0aC36E8De127AE7B8d32EeF88f027,184,257
0x28f0AF61e9d9AfA74A0e8107d8d52eaffA153d02,185,401
0xC51054a64f66E01fDCFCa6cA753362D2343E9d21,186,845
0xE318F2Eec411a404f4070aAAC395951385d0D90C,187,905
0x653379dA47FC688a1b63648Bc64626eB414Ed693,188,204
0x27bA7E1d07baDe3b4E1C0c185e32ACabD48d6083,189,163
0x1372e94A3e6EBe906fd2e36c1901F0fCf48fcd4a,190,709
0xf46241BaF023B7560A33D18E092E5A246DF62178,191,387
0x5d3000051D46C10A0702255B17CC324c2E34ec27,192,609
0xDC15AF3C5339d39C32B5827F8209a8EB0d6A8871,193,178
0x04cF4Ac9A2acae7741e9549fBc172d55Da127652,194,629
0x972604481D5074B20035501aE020Ae4a75486F6D,195,551
0x78D039d6ff47D5DB28d75A30ba7f93297130f67C,196,691
0xa71f5f4Ed56D26b9b62Bc92dc7665B5263150875,197,13
0x313204c7B89C01D6200e247a1f3A76f2f613441c,198,167
0x41648E236883e4D32DC49559074D2CfD874dE74e,199,458
0xCfFc8deE4cB4c0DB69481c53b3F15CB68d0472f4,200,866
0x7761A6951A0Cf163316126416990A391c3e8F6FC,201,98
0x4954c316a53C3F9F91ecfB7c9D02810F9703c7eA,202,797
0x70D5222cab763Cc01908190D4a1DD41a94eef3C2,203,488
0x5E5A254B2540662727dD00999524A4b53cEa35FC,204,140
0x05C9104d783440dEdeB6199D3007068B9c72028D,205,682
0x18CB399993f978f049F6608c351D8a7089EBEDBE,206,537
0x628434593EEdA34433d620979490CB0C879E8f3b,207,735
0x0048DbBD84d48c96361a9c592A09cE5883B0B222,208,926
0x55c8954183341Fd13c35039B8edE615c90e719EE,209,674
0x3a17A98cCC74b728C7eF4612089160fb3e6eAAB0,210,59
0x27E810Ed6452e30705cC020dE6D4ca95bb3e2006,211,763
0x922a794F3144b107bD31343496BED18986141704,212,497
0x11667B324237BCc1C9E0f9533093982bcED85c56,213,1016
0x71FDc197FE728D3235D67DAbeEea8003cF92D327,214,735
0x93caF0a02D9063caaaC3F8975A8E7aeaEe0ddFF0,215,677
0xE1dF088FAf537C64a77c04285B2D5Ac6d3A54438,216,935
0x92ee556b05858B3F89F529c8B3ff1B76116B27C5,217,977
0x5580e817711ED037eBc82e9bE2a9E16ABfFfD47C,218,693
0xcC8BE0a813226306a459D60C0A7E5aAEaa2593A7,219,189
0xc0B09FB2589FbB31bF480bBb8d28943BBD38214a,220,447
0x68980d11800619B1eAD151f02249BE14b27AEE08,221,677
0xB65D056a04Cf2530159a52A3f60AA9A8A8cb52D3,222,744
0x08AaCc239E7c1416aa657d748C777033071df6a0,223,917
0xF11B6f3B1D81773f8663a5a7722D1e2f1FeBeFDc,224,538
0xce47070604dAF40EDB13b5bf2dA2ea5B526C5857,225,291
0x1336D4077e3831Cd5AAd7feC2F052623FBaE769A,226,508
0x05ECe451F62e809876e2a7c9952BC172Ba90a28C,227,1113
0x49C931B1A063ae30031D118Ca7A587e2A539b6c1,228,613
0xf021856fe6B466e7428A5e25A66a837E524FaE0f,229,30
0x0Ae60C5F6FDB377D07Ba94abfCF1Abc081493099,230,683
0x54378E6D189ce5621065355B0E429451cff0437a,231,182
0x7724933fc2DB354148e0091eCdc635D1c709b040,232,777
0x1a94412EBfE98DEef2EA994fFB585D7397De8244,233,724
0xB987376b0BC7ed51ecb13Bdd36f5c2516fA134bc,234,739
0xa04890e85707B19d59ae6025Add8E83F27d1868c,235,978
0xF1aae5ce6173889fF3F52e442B51267152a7b99b,236,1050
0x25543C14f97B50C2dD6f8a5b6Ac6B5dE5E146caf,237,314
0xE580A6552935420295eEe542b241047CDde87F52,238,732
0xEFf711823f64752716A53FeB9eFfB5324Bf547D7,239,107
0xE30a1f19Df760d656D03FBdb93cFe776744d2D4f,240,608
0xFF314c3346f68F84c56b7B39E6da106F382c0BC9,241,835
0xE715C2db49AFaa6ad8445AFCe63D3FC3A91F2801,242,1068
0x82D03d3936693B3C5e94B361F4126994376369ED,243,677
0xDcA22fc136d28287fB51081765F752A53f235e08,244,210
0x5BcF292CFb9B74b2EC8842E8eD90a2Ad568d357b,245,311
0xc57A9203aeeDe300ffaC1A257f1ec3589100B42F,246,400
0x83b951C04855eC5A8a38DA3Dd0C009C9d1400063,247,1085
0x44e8797E0a2e604e68b51F34899e5667dABE922E,248,298
0xcDd05B264944b2f75A0fBf3018b040934900D7a4,249,716
0xd1cFBDEAe920eD555273ce8796E02D5cEBaB3a6c,250,874
0x53a9b06F234D536b309B91629B340d4aaFe16616,251,234
0x967f7944C703C0F2188a97cb10606f429A3318cE,252,531
0x38bA6ea04309988d11a6600fB32019A9F5E78e6c,253,468
0x58D6b2dd42AD632978bC70EC53A4e847E03322aA,254,656
0xa89EA6c24718DA707887d3Fe4De1A9D6384e8BB7,255,275
0xfA7bFc23CC102aC1FDcEf9306Ab9539B13d2136C,256,920
0x8987Af0E24B6569DCbc6E1F467e924878af1FD9f,257,220
0x258C399cc4cA03545F0d233065a38b12c41D270b,258,396
0xAb471ec2c6335fBE12a7836636492976407E117c,259,501
0x603f9C51380f519913D5C76c4d0f232003d19879,260,1252
0x34e8CfA57F3EC9f8D9075ea3b5Cf250930Ac030F,261,693
0x7bFAD464382057Eb98BC20b6DD6132D3E896c04e,262,552
0xC294d1bbC78F39d143Bfbb3A943B0F18Ab3536D5,263,573
0xb3F0C4861c39eE6229AabCAF0e56f374ee0DBaC0,264,1315
0xBD51268e40a5787f81c704f00F3a414B675Af52c,265,1257
0x66Ac63a7997882cfEB79f9E81aD50dAbD9c94181,266,919
0x3c0E0f2811F372BC0148Ef44f5B5EC6cf6447Cf1,267,582
0xf33ffDF4421874Fb8A0d3DD3d964360d50b9f76E,268,48
0x494808549053061d03a35077ecb36a8Dc2A4053D,269,1251
0x0bD51041B8d09700F5e9c2eFa3246972d268512c,270,315
0xe4505fD0e77822DA1C916a916F7370cBEC316d18,271,1100
0x56DCdb65f871b017588cd531F235f9Ad80f26531,272,1269
0xDb30C5aad4DEb60B1231384179e9970F40Ae5A24,273,697
0x7c550B75cC05bABE7a77F7a0807bD4d676751DbA,274,117
0xd9625bA0Bbd57C8974286C859A4F383bE0991ED1,275,266
0xd2d40E4ca6Dc147B4dd1052604E13D3F4b776cD1,276,360
0x14949334202846cd0128200e693aFD50538A968F,277,1348
0x9E0eF8f7B294f4065facf2b1424E60f0b99061e9,278,203
0x42E8bc4cdDe617c033e8b8b47d6C88C97567CB84,279,184
0x8C19eB1c287683E567d24508D7638B64d9FaC504,280,1326
0x985D7b53270F349a0d35b9Ea9a604eB438Aca406,281,619
0x92a210e4A0a484e4f319A1DDFDa2F181DE9B66f8,282,170
0x1aaF712344562a0533658c6b37c7b48dBEaD712C,283,1343
0xDBf9F112EEFbcaf4c9d80ce5e7420c08d9f33C27,284,612
0x310B8891F5DB0390EA8Ae88498fee5724D44F58E,285,1025
0xa896da202d7c750390f4b086120D4592ebbA7918,286,870
0xe16E1d8e586146bDa1Acc78613b54bd5827d395E,287,1116
0x9c52C70Db37EF51e32fD87aF87FB52A6cAeAcA6a,288,381
0xfB97A9deD68eF00574b138CcEb19A474f81F0a13,289,1382
0x0Ec165bF0aF21571C5067574146f084891D559a4,290,51
0x9F20CF61C4d2784c934A5eB982252465fcA37fFA,291,1151
0xc0d2251de8B852F57F48c395D446db2F6Ce52C1c,292,1193
0xF7F093e246094caff5b4eEcF1fd43c8D4e82D387,293,374
0x050AF99cDCECCcC0520C1c40231dc5BacC5b92F2,294,504
0x885E9D0a97BF5C3443651086B4bF852c22F68513,295,1045
0x41Acfd4042f50863cA8706aAc3B75cE3E646Ef2f,296,1403
0x6B1668D82C259D6cAa803ee33E790043998F6dbD,297,780
0xa8ba8c0317141E323062D45B31E7b7E7FA0AFd58,298,1121
0xb71c4C9254c2a19a90795d56141F35d0916b7048,299,1291
0x6BBE6935472C9B4C7776640fA59952E0F91bE3Cc,300,337
0xC049Ee8A442663A4CE7E6EbeC86e1bf014Ad1e9d,301,46
0xE27EaD36e9DAE05dCf86EC1185907Af9183cD2bB,302,1094
0xfd1390f8f88A5d984D18f0e67DE6fd0fCb3deA4E,303,1233
0x125315D4Fa13368e242196dE877fc34830124138,304,526
0xc12f04a89CE0C7EE801c11748Fa35ECC0a90C864,305,1020
0x2BcB1B099B1f4FC47Af99e400C2c11617F32Fd64,306,996
0xeCc8B439c2BfE7Af5142a2473f36C80f99363304,307,584
0x6bd9394553ADf560E784339458E5FB0D230Ffbe4,308,1037
0x282072a6DB685bc5B1d817D73F1C165Ff5B7B3B9,309,1128
0xaDCf99456938a379d04f1F51b9F57D2b8B9AEC82,310,1155
0x6FB02c31Ee9C91C8c664C12a2C6692ce5e239E8B,311,5
0x0eCA0195EA113bd6dCC346778D5e1219FFf2322E,312,1192
0x427Daf1f04De537F19EAdFB6eb929ed47A750648,313,219
0x577c3B3196D2E2e3903c3bfb05d90f99EA6f1365,314,613
0x023dB6DAe19E9d63F309d80957e39466d4Eeb88A,315,1267
0xca3F38DD5879b48274738C978069e13fc4361d25,316,785
0x3D294c7F4BfC160c6Dfe7b8d2527f5e7Da6d6481,317,1400
0xC4F61957bd45788c9691AA68e8cF21bE07E5c3Fb,318,1409
0xD552c3d0e75c9D8C2a6B1235516d22CC8F18FD67,319,115
0x6B336aE28E3867dF69Ea08A1a4a53414864f2E89,320,1323
0xfDD3AE0C64B709dFB61Cb2e87c017Bb112eb5DeA,321,1301
0x1e9208C7552eF8CdC280050fB0a2911C9Ba1876f,322,1306
0x5f275678D5E4980b57E6a8652eC229dDa8351685,323,1238
0xf161C3480634241E884CC4FC63246fe0300e4A36,324,997
0x419Df63abaF447078E42184704F8Db753cB91DcC,325,1260
0x0D17a3eCc8aAD81f6C32FEfeb3d24aD4c8cD6fa4,326,1214
0xD499E3c362204578C9852129D880256b1cF6CA8B,327,90
0x4CdaFC3f3640Dbe288B5aa2B233E3Ad57ce47EDD,328,456
0xBEe14D8748a67561f7935fCc9c92B09e71a15973,329,1271
0x4b3C0BAb2D59D0163De6d328512e9Ab9772EdB86,330,382
0xF3C60f2C642B5785898E5842411D7e19ac429274,331,467
0x88fC05Fc970A1e8ad8069367984D24CB8138fa23,332,274
0x7893A0aA2C62d2a2Fbf65d24378D6B02f39142A4,333,920
0xF1eA8DEa866f4f257Ee1c50DAcF1C68B375723c3,334,143
0x8988DaC0FC142128EA602D30138afcEBd09603AB,335,1393
0x5BAfe1c1D6c4268F268bfB04949A2198541B9d4c,336,1322
0x01ff24813dFc573755ddB6130b2EE52aB48D1229,337,558
0x9c1E2289747ee85A6df842Ac6E002E189BB2FF50,338,1489
0xFe514187a916a791d7268DaF6D071aF1b731CDce,339,224
0xDDA957208b273e93C62971553464663FC8612278,340,1414
0xD61EC4173F4aF6Ac3105F110281Fa29d763fb6cb,341,699
0x8d476757A97e770b7986d8A9DA4541a5B4458154,342,891
0xb0D813b13bB4711Ca7226285D95f94D75228AEe8,343,77
0x5AA83EC25475c9BC72263144EA6cB4956810BEaA,344,1692
0x38e327a317CA7E29f171b8eCE664d88332Ac2d12,345,206
0x0CDaB38F25080bb8b1B7C955B3E114609a57E21d,346,1198
0x3A695b91a6F444dc3c1Bba84982681dDFfC9054D,347,650
0xadCBb1Fc4A08C4af535f8Fed5041597Acf03c4Af,348,1513
0x6695E20452A3796A49454Bb86e4733b2D72EDE08,349,1290
0x098108F4C7CA4ac24F7f96C34d9CBd17383FE54b,350,1021
0x449B862d5781d60aD219B7A144D2401cEBe80b2D,351,1011
0xD7b5D94e2Ed67Be5003323267FaE550Fa74c00dB,352,1287
0x34f3436DeBCd0930498CD8792B390cAC3c4d2cBc,353,311
0xAC15340984Bd0A4170a4C7B70D4BD9a229da7c23,354,18
0x8c1cDcc42C769260d4777D7265b2277156a337A4,355,1192
0x56353C537A71E6C8619A2D8579a7013C8e71314C,356,1441
0x438C57C859c56fCeee21Eb545E6cF52968072AfA,357,1746
0x4C21e099996E978243aceE4a102b9f96288e0769,358,89
0xa85BC22d99A2B554872fb1984E47ADCd597DfdfF,359,22
0x706Ad259799F8b22A7Df0382b22419Ec6040BC01,360,165
0x2EDfceeb3543987191D84c6A04bABF05e5ab9346,361,312
0x1eDBf3252f81d825c6b525471Bc656500291f033,362,1154
0x38e98F5c3eD98c2dA2b4a5FEbCEa0b2c82dAA448,363,1501
0xD3FA2c35D62864121ea522B2f44FA13658ec34b1,364,887
0xB19714E8C56FFf68F550CcD8BE0EB18d06dd4b18,365,161
0x77cb9726a67d8BDC28560B3F0c6d02077434b764,366,311
0x1BF8f8e590508358dF02AB79C2218063fc2eD35F,367,1437
0xcCE429bBf086759D6ba1AE9A567E529790b4B9a1,368,300
0xa5505097708794af34DE38e8d019aB97cF770eC0,369,505
0x538a8EC4Db6BeD38C7ab093CF1Bc428c2883f3D9,370,199
0x0a32d3f0c89370E7b5F56628c984233975d24B02,371,170
0x98427fE809b05827b7DAd21655EA241c7336A066,372,1457
0x94B72f876e2718c8667EED7A55dcb98d518E9ba3,373,1646
0xBF08a6a0d15a1D3195e41d2BF72DA47697853C85,374,1716
0x69744cb75dAB2284E4bbcE10bD35B2EdD3c76d07,375,836
0x91e3863c46DbC62B49dfCB95a281032C2Ad9c270,376,1595
0xa99654698BABC25dA9544eE3Ce52a44576E11E5b,377,761
0x1201CFE0c84b21b356476816B95EE7C141bF10C6,378,556
0x24F0CB52c3687712Df5b588bAe83B886E871448e,379,1401
0x45972a41485fDc64a454cC84FaD7867e3D0c8BB1,380,729
0x29DfaA208510777C9041C01f2dDAd3E6E464bA38,381,1836
0x625348F5A824fbd7F1600E13ca7d72fc0c8359D4,382,1094
0x570feB27A2050722C5c8B8C40d534579eC55A947,383,461
0xC267556e3664bF8F06136Af3433F4e2Df0A4D5CF,384,772
0x7526Be093FA7A59874E7A8226eE234fA559A2F26,385,575
0xDC8DD8EB7BcD08bA86a55ec2Faf1294b233cb2E1,386,668
0x1A7052aFe835b5B02cf58661C0d63F248525b87f,387,266
0x2E0927B4C1912296Fb4955D2ce12CfabA762eDe9,388,238
0xCD185F1a8D3929021762f28b590b46Fa77cA3167,389,1244
0xE0A9c9bAe71549264De7af474EDCC0C011F13227,390,14
0x25CAa619445d791d294A0Bf3Fde5db5840680edF,391,477
0x8af17c5A60F2dc9A2d22ad318fea85Df14879F84,392,16
0x8cfB6f9AB3E47e2B650D8BB8bD632B8Cb4e30186,393,122
0xb74c860cC92860BAf0023A4fC846729e4D3D2DA7,394,57
0x06a27C9678aD6ABDca6382b31A08A360eBd3b28E,395,1547
0x259869eD970377A1a1B6121fe510B572e58680B3,396,1460
0xA99F7a4631207db863e08c7B4aE09Be41f629E86,397,266
0x004eFCeEC16D04D756F0d017442D597D77BDFd53,398,1719
0x1da47B22755bDf19a1C6c8714A570899dD2BA270,399,289
0x75792Bc3E86B4C1ab05b5C40430eA531bf5823aB,400,1457
0xd34403A5E502d979C15e89d3Cb8De6EEEec9A6F1,401,765
0x190a05330D9aDCF652E52faAC5c3C9692E5226D4,402,1851
0xCE15c283Ebb6f45343b74bC174160C6b7B7A901f,403,404
0xe8BeC01D24A8948F6c73E1790CA3D4eF06E36B21,404,156
0xC8E22799BEC7a42520dF2327a412d2EC7fEBcDe5,405,1606
0x56ACD69EfF5C491A4455DB416E2d2fE3c8C20279,406,396
0x2EAea141bdd8ddCdF594772Fc3Fe293C4426B645,407,133
0xA00961192E43509Ef7A640CBab42381138edc4D7,408,1727
0xB3ecDD209f8278b7C0d38B0bFb0cF91a216f939d,409,315
0x8ac83148e0B44Cd1EcF83d40B9401C0fEc074002,410,1376
0x646b0BB183B425DFC82Ed675317c96410893BF7f,411,2018
0x715174a903fFf54EBf7D4Aa6B9b1e2B6eDBd91c6,412,1271
0x66F387917810530b4439f289254218B93440E911,413,937
0xB2032d3Ed802EE9cC19E693D1d0E84250CC755d7,414,1162
0xc60cA5d1E3892aF85e3e10Cc039BF19fa2771CEa,415,972
0x95F25dB5B2afaa814961C0bB1c67A4A03ED1a0cb,416,1209
0x7d93Ab5ea61594322fca980cC0BFF948affF2b90,417,1260
0x7bFc2eBa58a456f096F45101A91c876a3D5137eb,418,784
0xBaDd926f2cC617ED1D5E55f685b2d32f228D0a05,419,1427
0x9B57B2b555cd346068aF16478EeF40760a7f22cF,420,1705
0xf584b492Eae9c4a567E557DACfb1ED06CaB31595,421,537
0x97D2a5D892bE3a569d563d269C6E2472A516ed7d,422,1012
0xeBE38DcCF993b946F6Fc35A33702D9080A31C5fe,423,1827
0x432585e4FCD97e92D587974b97C7953ccF6ca968,424,1531
0xe2Fc59668b7eE7f508F078Dea916F9C9Eb9F74c1,425,205
0x20cb07a30B09946746DDc524f3b4c84128eBDe53,426,1748
0xbCA7dbFff59B21d236dA4F0113c2DFDB4764Ae78,427,1763
0x0AbD8d559b431671facdCd9255B0Dc8339693D5D,428,1776
0xcf889128518951cFa09B31F6521b16eB0cA76736,429,1199
0x85B5E46c3Ff4BCDEF8a9CAc72AFaC891399b4A3e,430,812
0xD7Fd31312254Df07Bf490910e5a0feAbe845Cec6,431,841
0x6c37D3f1388F0c1a2DA45CEB93e9547C1Ce755a4,432,1506
0xcCdA4e27844033AD975C94a6fE824B37E78e7EC6,433,383
0x99bAba4faF14d71561173F904E3251201909010B,434,204
0xD08eB2864fb6A6cc56e965DC302aC8c2E29F6E82,435,1914
0xe7Be3B47e6ae2e654C024C26e34Bcb69C61803bd,436,687
0xd8D699cdA8dF51fB9B2AAe25369B03fCB364A2cc,437,1769
0xe9B356cDE3aDe1a278EBaD547AF0aa4853950144,438,974
0x87Cbd0f1E3F7f8DE157c4f367F89652408363F3e,439,1714
0x1853157Ce2CC47145a8787DaD6cAB0adb95b17a0,440,1790
0x1a9Bc53d32aF9958765Fc3D69b3c1507129c05f6,441,1846
0x6E2DD26ECC2833075087F161558D179284759650,442,1284
0x6e7A8ddD53d827ac8428a5F8d072624a44e4F5dF,443,1349
0x5B46337530306Ff4649a7057403679c6cac7084E,444,747
0xE077278F291a3Ec4F2b4772362CBAEA97dB7cc15,445,43
0xF329Ed67C527055b034f1112dD84ED37A23d2EaE,446,577
0x2A0D94efd9B5602CE6F153f2a0180664d485e8F5,447,2006
0xFBd1E9Ae9e03E5778bB963895E93E5e3022b50B4,448,2202
0x74695Be7B735E61eC62D1ba147362363aa5CA0d4,449,1077
0xAf15a6Ad48bDc973870F9dbF2276fD9c30D2609c,450,225
0xD985748b9C344e8007B8e7EbE27110b4A90C29B8,451,1234
0xB23acB74FED5382c3a825CcaE2e97b39662Ad530,452,259
0x96363Ebb6b48bd4CAEA6445Cb4B514354E7f4b4a,453,227
0x3c08c863b52A3F126F770d32cB6A16DdBDDf1a48,454,2232
0x0758a168FD97096C1dDaf74F68835b7E10cedc91,455,1005
0x438FEa8a1d53F89dC52A7B7223f2621b6F9461eb,456,662
0x92f99f2C185cD4d4Cc21c88f2464683c889C38bE,457,395
0xcA5f94Cb4805dBf507B08983318e7500B1EC70A7,458,1238
0xDa758ed3B17141d2ba861945D2E66BB6E602060f,459,1784
0x73aEBC21F335250CaaD3fe39D4986e9509ec902a,460,172
0x1464b6E16441E0B0ee50DC0F787A8e9167600A16,461,1153
0x3DaF27F4Fe7b6078AcF7A0bA27B3141872b5466f,462,599
0x6E78581C3dC24FAef820896Cea07cB015332A52c,463,1776
0x0D784149A5497607Cf7C079Ec0B8Eb2c9c0C54D4,464,364
0x0dc4d38bDE25E7aCD630E8f3b5188cF6dc86B88c,465,1003
0xAD7F89789a191966FF1a698523ff4a2D97E37F14,466,29
0xf3593079519E11Bc0967B8163be9F1A6BC56b741,467,1930
0x0802AC34FF3f911D12Aab7E10f551154491b9654,468,1094
0x97eA019d5c06f5a091DBDC191202044AFa3B4a6c,469,437
0x37Ec38B2DE82815dC0C7Ca2Ff4a57321faDfDd85,470,17
0x132D735de1abB973d782C6c82E282602D3eC2AD9,471,1174
0x9f15677291889C25aa5C077678AF047771bd55bc,472,424
0x836BA22a7D06d6BfA5969adb7b49847256b79325,473,810
0xeAd1aCBA5E28EAAf78b9FaEb3cBa3d2E70737694,474,1431
0x707919e90380F961da4fEb5D3fB22200d5e89854,475,1853
0x3fE04E732591Cb629A17fCD13A4203714129e702,476,2198
0x3694B974e6D973A73847b69b283cf50bB1F62747,477,41
0xb05134AeaEfa38DBf90De52B926f4A8755374AF1,478,714
0x55d63d21311efa2dB33dcE924Cc7c85338609588,479,2142
0xBe4E584f9DB3f5032411dcf69e24809E6Ff79EBb,480,1756
0xbD7033e7bBE6c4A8bfa2A934Eae3bec471B75453,481,1688
0x9E3Cec6D168aac5b63f39393B6Fe2adD06d20D98,482,480
0x3ccd9443502028b45B16424A958932e48E3ec515,483,1186
0x6688A71497f02EB5cc3613ade6D295a00cB03b22,484,454
0x9Da42b1A6ff00933da12f7e0437737CE23b0f3cE,485,523
0x6c200a96eB5419e5315B0949A8548a87A5417562,486,185
0x5D260ac098842565f8152392ab9E13044460e80D,487,2330
0x858B715Cce25B4702B6F74cEae4A81B03Fa4F4a9,488,1146
0xAbEe5F41a36654D9D86d795306741554f0B4e8Bc,489,29
0x6265D94b350Fec3b8377aCbab78fdFA5Cfe4419c,490,1787
0xB0aa65856780Cb4E63Ca542fD3FC0b917BA2e223,491,2181
0xb79B1069D69dD611CB16166639ff89f973a5c22f,492,231
0xEC116Bd92BD605c8AB3af9F29fc1CBbfC935ceF0,493,1589
0xd2a9709221F9a7AbaEe238F00C7F07fac5837D4e,494,2264
0xE31e119eaF6aa9ba92e912171015301f504F964B,495,567
0x382312771c576c1C0e88e193C7f29858c5aCd29C,496,2253
0x4b44727917B70B9fDB79AEE75e263645644CA790,497,414
0x3a8c35401eA3EAb5930d5845F17D8b2FBB853F27,498,723
0xCD549Ada856263341D72098256b76FbBe3E063f1,499,1232
0x6fEB7c0FE3d3E98dc5376A58323Dfcd84A935c5b,500,1992
